,respondent_id,choice_id,household_size,school_i_quality,school_j_quality,school_i_distance,school_j_distance,chosen_option,option_0_chosen,option_1_chosen,option_2_chosen,option_3_chosen
count,10000.0,10000.0,10000.0,10000.0,10000.0,10000.0,10000.0,10000.0,10000.0,10000.0,10000.0,10000.0
mean,499.5,4.5,3.536,0.016132960304094498,-0.009825995416537246,2.0021227010258307,1.9624595257891368,0.9953,0.3813,0.3666,0.1276,0.1245
std,288.6894250893438,2.8724249481071307,0.8263003553355903,1.0011358563220571,0.9947922041707036,1.9990259547714386,1.963587430063089,1.0034832374587959,0.4857302784368492,0.4819000547481569,0.3336605654513188,0.33016761056334176
min,0.0,0.0,2.0,-4.186147504069675,-4.019121156763875,9.625010460700038e-05,6.143863443161899e-05,0.0,0.0,0.0,0.0,0.0
25%,249.75,2.0,3.0,-0.6564896982219962,-0.6876954960593091,0.5832086305451762,0.5569246887152824,0.0,0.0,0.0,0.0,0.0
50%,499.5,4.5,4.0,0.01323290404151636,-0.007876889645458867,1.3827374815533884,1.3558065036507991,1.0,0.0,0.0,0.0,0.0
75%,749.25,7.0,4.0,0.6816186117191364,0.6636406889888259,2.77240117837926,2.7394554273999026,2.0,1.0,1.0,0.0,0.0
max,999.0,9.0,5.0,4.29885757229876,4.479084251025757,18.240352847991403,19.432225759148103,3.0,1.0,1.0,1.0,1.0
