{
    "params": {
        "beta_y_q": 0.24037092802229132,
        "beta_y_d": -0.003690338692595978,
        "beta_o_q": 0.27302206533176887,
        "beta_o_d": -2.298505222169631e-05,
        "omega_y": 0.5204407730086094,
        "gamma": -0.18331496894865904
    },
    "log_likelihood": -8852.921156392767,
    "success": true,
    "n_obs": 9231
}