{
    "together_bonus": -0.1943359375000006,
    "log_likelihood": -8892.707952114375,
    "success": true,
    "n_obs": 12917
}